Height_m,Mass_kg
1.7496714153011232,54.45891245893144
1.6861735698828815,63.856884442309884
1.7647688538100692,52.576750887652835
1.8523029856408024,60.80132254426298
1.6765846625276664,40.0
1.676586304305082,71.09294548112771
1.857921281550739,66.71045202096944
1.776743472915291,52.189086945201055
1.6530525614065048,81.26973634141737
1.7542560043585964,88.34689389144363
1.6536582307187537,41.17091418619122
1.6534270246429743,53.04722563023463
1.7241962271566034,52.94519357687771
1.5086719755342202,50.301206840328405
1.5275082167486966,85.52788409837673
1.6437712470759027,62.91925000927484
1.5987168879665576,61.598994515554594
1.7314247332595274,40.0
1.6091975924478787,80.69086800332646
1.5587696298664708,45.98073394822397
1.8465648768921554,67.89618103898603
1.6774223699513464,72.47292772149345
1.7067528204687923,100.3031979944875
1.5575251813786544,45.03112333017513
1.6455617275474816,40.0
1.7110922589709865,70.46772921745034
1.5849006422577696,114.45175202026817
1.737569801834567,96.70681792130429
1.6399361310081195,71.0154759618288
1.6708306250206724,57.541656381039374
1.6398293387770602,84.95628065984722
1.8852278184508937,49.79607372647448
1.6986502775262065,76.93087803295084
1.59422890710441,77.60571316581988
1.7822544912103189,91.65788205231142
1.5779156350028978,152.61188690773108
1.7208863595004755,75.01775284705803
1.5040329876120224,57.24331758913423
1.567181395110157,66.17665163143057
1.7196861235869123,40.0
1.7738466579995409,54.14069172343198
1.717136828118997,58.98099471664181
1.6884351717611759,56.98416832776901
1.669889630441071,69.80505732176086
1.5521478009632572,52.10568293642322
1.628015579160529,93.34564347672689
1.6539361229040213,66.69047368949798
1.8057122226218916,66.50052907587903
1.734361828956846,60.43881826701032
1.5236959844637266,69.86446879224485
1.7324083969394795,85.41566196892356
1.6614917719583684,51.4114512846493
1.632307799969404,54.73837696471797
1.7611676288840867,60.87862886473071
1.803099952249595,44.53336675666354
1.7931280119116197,52.15513497499983
1.616078247677736,57.80837942586364
1.6690787624148784,86.68811168118748
1.7331263431403563,72.15152335371394
1.7975545127122359,70.67394481815536
1.652082576215471,86.07933651831088
1.6814341023336183,63.99394461419703
1.589366502599397,74.97385516625162
1.5803793375919328,64.65293316607594
1.7812525822394198,72.21217820105623
1.8356240028570823,55.989960770940705
1.6927989878419665,40.0
1.8003532897892023,64.05334497057889
1.7361636025047633,102.18904097238746
1.6354880245394876,88.04645920474539
1.7361395605508414,89.08751893549334
1.853803656646597,96.62516519355347
1.6964173960890048,68.48380385839715
1.8564643655814006,70.75298399358255
1.4380254895910256,55.40691643565843
1.7821902504375224,60.6535486019902
1.708704706823817,80.21666970289434
1.6700992649534132,95.69493116284174
1.7091760776535503,63.95413061726614
1.5012431085399107,58.26160036669432
1.6780328112162488,66.69689416916376
1.7357112571511746,79.86694197597109
1.8477894044741516,43.243353927764986
1.6481729781726353,40.0
1.6191506397106812,56.53381446021273
1.6498242956415463,46.237274133470414
1.7915402117702073,57.257460062047
1.7328751109659684,63.79443139649023
1.6470239796232962,58.208155704127705
1.7513267433113355,103.10421371282288
1.709707754934804,73.55426472424864
1.796864499053289,72.97685294218964
1.6297946906122647,80.37170153034864
1.667233785340223,47.38710118010567
1.6607891846867842,91.07957147238987
1.553648505186788,65.18769434237349
1.7296120277064575,81.5441168776088
1.7261055272179888,48.34886901914914
1.700511345664246,41.840817998343496
1.6765412866624854,85.23114318685829
1.5584629257949585,74.65838619247656
1.6579354677234641,50.87565577941461
1.665728548347323,51.37240063467215
1.619772273077838,93.469056530727
1.6838714288333991,46.6734944153665
1.740405085681454,109.158601684273
1.888618590121053,50.89749863436636
1.717457781283184,80.76288998675876
1.7257550390722765,60.4256967457039
1.6925554084233831,79.91441338642211
1.5081228784700957,56.64285189467877
1.6973486124550783,63.50776158906867
1.7060230209941025,67.51000118580895
1.9463242112485286,49.37004003882886
1.6807639035218878,83.28323793265723
1.7301547342333612,57.17037988348589
1.6965288230294757,62.266279884231416
1.5831321962380467,49.4862665485993
1.814282281451502,40.0
1.7751933032686773,62.97209370666052
1.7791031947043046,137.52209931510774
1.609061254520526,84.38429333604674
1.84027943109361,66.3021208971878
1.5598148937207719,61.6290130813135
1.758685709380027,67.13729943454018
1.919045562580998,78.58145534825714
1.600946367486931,46.794054553924376
1.6433702270397228,93.15795640731683
1.709965136508764,82.64996449070298
1.64965243458838,82.7195290724316
1.5449336568933867,76.06153788354904
1.7068562974806027,67.07993696852154
1.5937696286273895,81.60237531428191
1.747359243063518,79.64221091086827
1.6080575765766196,59.96660276797863
1.8549934405017539,56.143980309745196
1.6216746707663763,68.75551067303708
1.6677938483794323,106.1343819513889
1.781351721736967,45.9828213259597
1.5769135683566045,42.93736475961285
1.7227459934604128,70.06534119977864
1.8307142754282428,67.71219594263012
1.539251676543877,70.24593904196391
1.7184633858532303,71.74986401470866
1.7259882794248422,62.367189239007836
1.778182287177731,104.2674290232759
1.5763049289121918,41.25320498865173
1.5679543386915724,52.01077416321858
1.7521941565616896,64.65229296523593
1.7296984673233187,40.7331947825721
1.7250492850345875,63.25939655263556
1.7346448209496976,109.77590381100342
1.6319975278421508,67.1054958835586
1.7232253697161004,71.46517525773112
1.729307247329868,45.6932493540868
1.628564858197363,55.4283711666241
1.8865774511144755,59.587217876014485
1.7473832920911787,60.62367364351038
1.580869650279735,97.953525686583
1.765655360863383,78.83107864975683
1.6025318329772678,47.77787245276335
1.7787084603742451,71.80480770768958
1.8158595579007404,77.43714109038405
1.6179317681648289,93.88256676813383
1.7963376129244322,107.14276591026774
1.7412780926936497,49.17924783028748
1.782206015999449,52.28673712406872
1.8896792982653947,45.72872436369518
1.6754611883997128,62.16511822942614
1.624626383564251,76.7004451650768
1.6110485570374475,89.67574713561052
1.618418971503456,65.1840425562258
1.6922898290585895,60.584903387604626
1.7341151974816644,69.79255887252356
1.727669079933002,51.90718030835001
1.7827183249036023,124.81861662792238
1.7013001891877906,41.16966471629287
1.8453534077157316,70.48656848109547
1.6735343166762044,122.37399223601642
1.9720169166589618,66.82250689550459
1.7625667347765006,62.99077515125081
1.6142842443583718,59.90538333721589
1.5929107501938886,63.17334750240967
1.7482472415243184,100.67067465853667
1.6776537214674148,40.0
1.7714000494092093,105.63926294806208
1.7473237624573545,43.50225841203238
1.6927171087343127,61.55950704543759
1.6153206281931594,58.628836964372354
1.5485152775314135,79.56433828205518
1.6553485047932979,41.28761988742966
1.7856398794323471,76.60419190247353
1.7214093744130203,122.399818469653
1.575426122128801,44.302796373853106
1.7173180925851181,70.59164892229678
1.7385317379728837,54.67493330190899
1.6116142563798865,75.77482866640537
1.7153725105945528,67.07050189427216
1.7058208718446,55.012142153075615
1.5857029702169376,77.19708408991129
1.7357787360348282,114.58357082167187
1.7560784526368234,62.974435761839246
1.8083051243175277,82.7585541761557
1.8053802052034902,45.241649543388824
1.562233063204291,50.052331443028336
1.6062174960084876,76.8397345538936
1.7515035267208658,104.0878036235608
1.7513785950912208,74.19405343940566
1.7515047686306047,60.70843137711556
2.0,66.67215647582795
1.7570890510693167,45.82719443230893
1.8135565640180598,79.94625511990878
1.7954001763493201,86.89495007712725
1.7651391251305797,58.22838206122787
1.6684730755359654,57.9156334364893
1.7758969220493266,72.22335491692645
1.6227174785462428,58.497503562843775
1.6763181393259992,65.37632668318729
1.6514636452170897,125.20051057715243
1.7081874139386322,61.92303790035351
1.9314658566673508,59.88930576616658
1.5132734807408252,54.91230500647355
1.7686260190374512,83.36742049102571
1.5387284128810348,63.15757209081896
1.6528068134210565,54.882146129078514
1.8088950596967366,99.12594463867919
1.7064280019095461,102.09266705167576
1.5922255222070694,55.69402835246064
1.628469629074003,40.0
1.7679597748934675,90.22026840226728
1.6269633368282863,54.30471482021349
1.7216458589581976,84.53686232317365
1.7045571839903813,40.0
1.6348399652394183,87.16293659305838
1.9143944089325324,46.36980166723497
1.763391902231801,83.0322623862649
1.4974857413342393,66.97248881411313
1.7186454314769428,50.08983905164567
1.6338213535231612,59.020751719342506
1.7852433334796223,81.93248357626626
1.62074792615673,68.83885482798563
1.6885263558533101,79.46557381827753
1.7504987278980457,120.6546310320435
1.786575519417012,41.709441435008415
1.5799703592944223,108.32801200383331
1.666549876415905,68.80708926387497
1.6525054688839043,50.92555118412837
1.6346670767426288,44.74169819334644
1.8765454240281096,63.00813737713327
1.7404981710960956,87.92595445016077
1.5739116045664954,64.18280011928043
1.7917861947054776,104.93556331618346
1.9122156197012634,43.14848440250488
1.8032465260551147,66.4449187951376
1.5480630034045986,45.79990270056473
1.6515765927133748,74.37274654019025
1.8266911149186622,87.0137556459348
1.6292330534381219,58.77822492399376
1.7443819428146228,40.0
1.7774634053429337,70.78764246699687
1.6073069528421917,76.02190827487
1.69404746439382,75.28556574733176
1.4,96.61506269153087
1.597561235866571,48.36052569340366
1.674743184860684,81.78262654579244
1.575221681803515,95.36887370150144
1.8632411303931635,40.0
1.5569858622039368,73.39791636176852
1.6559955513303015,57.32552865093521
1.713074057728609,65.07517877356177
1.8441273289066116,74.01760313082819
1.556413784882056,57.61779326019051
1.8163163752154958,54.4502573788185
1.7010233061019586,67.37309304614928
1.6018491348952049,48.12617550276699
1.746210347426327,48.146693320346
1.7199059695573469,81.76195068863416
1.6399783122841205,47.24570684802326
1.7069802084990018,81.44221499212262
1.661468640313824,76.61381307628656
1.7113517345251248,40.0
1.7662130674521046,54.419938556818245
1.8586016816145352,95.41471586555768
1.576218450117315,49.682379879674365
1.9133033374656265,58.013672835478275
1.5047912200477498,76.60162326534264
1.6848214904964416,84.35357177454351
1.7588317206484576,61.83925358998347
1.7280991867735032,55.74272684178484
1.6377300480179406,102.17744498087788
1.6791877749642725,112.35571881761066
1.6506999065341166,89.44799681470955
1.641063524305579,68.41522877588258
1.7849602097021025,52.327407799463586
1.7357015485965046,51.980397587167836
1.6307090404739346,78.00354166183436
1.789959987543325,75.60477679183717
1.730729952087661,101.54271809612898
1.781286211883896,81.05557477660389
1.7629628841923612,42.481806820654086
1.6171004989077926,91.43097219320832
1.643981895980303,49.43120039675839
1.7747293605123262,59.43056274745749
1.7610370265433464,71.8844566952916
1.697909840603585,121.35258657400502
1.7117327383308782,160.0
1.8277664895788424,79.99922264913461
1.640842861116417,63.12021068520784
1.7547097381170038,78.28466187064566
1.6797807347566105,87.03380685906949
1.678231879677278,60.56999947546302
1.809877685198719,114.2699243092996
1.782541634898803,71.45166647504516
1.7813509636000637,77.42602208396283
1.830547880715433,81.43272959052813
1.7021003841632758,75.67712863726557
1.7681952971294963,85.7711025923207
1.6689733243406544,55.4135442010352
1.7324166352488442,56.40227382944158
1.6869856945632316,47.940167843135846
1.7096995964992718,76.08494162867481
1.7595157025436914,84.24093365629349
1.6181779316766527,76.50314566917328
1.909238727568546,110.20560197043834
1.5993982618500298,66.5744715731068
1.5785811387212267,81.50158734457924
1.8158110873500068,48.06189873671168
1.7791662693962935,59.37481159765707
1.7624119817052155,82.15940529926955
1.762834550926428,86.0329732989099
1.6987753227153084,61.05712587538384
1.6102745628514168,65.26919795381714
1.7075804558193726,42.293688885463695
1.6322838288487889,59.91286398585542
1.797511973341775,87.10505762553497
1.6852942618497861,79.24636188042038
1.617450280320749,77.49393819134757
1.6678614158347007,67.68957000969574
1.7412931454275624,66.82778569584018
1.6436275447196025,54.702185239181134
1.6177779604433569,82.24055301272455
1.7243687211491912,75.66319777028393
1.7244966571108722,77.2931746189341
1.649305682462887,56.950903080767354
1.6528961694381676,40.0
1.7232049937357636,92.67936180418927
1.5551915658502675,57.763019113983354
1.5592536225623443,51.47865577483467
1.6281555778747563,82.10867490748326
1.6786552848288152,59.28736463615354
1.7310907565598004,91.65036118678792
1.8475356216949552,80.24639066591585
1.7857659623202018,81.86493842679329
1.6840061470036571,44.265840581599385
1.698098379209731,95.92658848154977
1.599747063536219,72.12315611490402
1.6981486864007609,59.69312521417194
1.6711341361079861,69.61753952086502
1.7322718560338088,40.0
1.6172769056447676,75.3840597448399
1.7519346514241172,48.969053998409095
1.8532738913002578,44.442619791908605
1.6891239851543143,42.23681542412759
1.740171172209894,93.11232057188097
1.7690143991711111,55.214245016955026
1.6598779528114163,105.64858101517547
1.7224092481810416,56.78428194349074
1.7012592400781794,40.0
1.709767609854883,47.70530788007555
1.6226990216144532,96.61591565707138
1.7024510174258942,63.63925816235243
1.749799829124545,56.5719800806949
1.8451143607795042,69.96572419384299
1.7959270826085207,77.51991110536719
1.9153182457511555,93.2439936109645
1.623265243711195,102.9815420700966
1.7872320636720678,59.86364581480678
1.7183342005738351,44.79899446428412
1.9189802933217672,58.90703078281487
1.6191701714644848,72.10217079669239
1.6160278157819223,49.94249892454157
1.6400607354555978,50.04160330392089
1.4876104275690192,73.93130597729306
1.647424497831924,65.72006580939882
1.62408673384463,67.34570292200173
1.7150393786476208,53.11457642857922
1.734175597577716,62.23265025522207
1.8876170839215887,50.5382288445786
1.795042383818605,87.1002298989225
1.6423096344337595,90.97409543269421
1.6101585328651642,40.0
1.7491919171506505,50.458274233395656
1.5679766792979357,42.56537900627689
1.8831458765854354,54.87143040311287
1.8179440120721286,65.03779803154518
1.6530824347895294,43.16830019412584
1.5286865470909121,50.57422484335023
1.8353872374165412,49.34383274557262
1.6885460154747383,70.96453170836853
1.823781631197346,68.08815761955945
1.5405572341205631,53.703529950406015
1.6400624977046228,70.31929738469782
1.7005243699718182,56.59926360566155
1.7046980593764742,61.467185720916355
1.6549934528520756,110.17121184775502
1.7622849932347497,99.69727210268019
1.5932379570617405,45.156111423579894
1.6857620514978706,85.53449333146372
1.71202956317119,85.06528039285303
1.7514438834058748,47.2532300936808
1.771161487808889,85.25385142307857
1.587535790816213,105.7819156810802
1.5465885829264376,47.61922461308903
1.827767682189851,50.6403735149178
1.733231401197959,90.4953474555151
1.6251513463443445,72.34516285302131
1.8551151975522522,78.68424010477918
1.711567463429286,73.86039555797394
1.8179297184063825,74.97905263148641
1.7067518481410109,44.79329045192457
1.9060747924881987,91.30406516689611
1.8755340842443204,94.71543712476009
1.6751035851520926,62.25150904760539
1.7971570950954354,65.82218338701837
1.7645375949585147,42.126110453257944
1.8368631557532349,77.81050336825258
1.6035076539419895,79.17156705351596
1.768605145999844,65.45367855989552
1.8058424486849587,93.43873752959122
1.5241260513576886,60.32682300047837
1.5816741487334225,78.99478027123152
1.49607678222399,49.11186711622905
1.673059316555544,66.21680977065468
1.7717542255795962,63.28787246911602
1.8502357052096028,71.34964558327157
1.7074094780419775,59.688652165441184
1.8628615545571292,64.10729867303317
1.5619898541785109,85.43998088028738
1.5296617560644845,58.49672260536689
1.694445230110338,41.18305435886777
1.7384065448939308,112.71642724643971
1.6967305251905906,100.93091002495183
1.4932557899960122,45.25536340767049
1.691087996048721,82.01583526216338
1.5695530499495147,57.34625661579168
1.7669672548830038,72.17156737008703
1.7366598246096847,72.84014450338697
1.6060120213672644,62.15788372707514
1.6486133082663306,52.713432031204285
1.5940786478111049,54.208497917702864
1.6937320902726827,50.660292855267556
1.7955142320501238,51.95891642334984
1.6014273953664455,65.35582117424343
1.7504046515517844,53.799921242185775
1.646974238162756,81.82768384890824
1.6207127167737656,104.18559193694952
1.689296964004544,56.035422061972255
1.5964757677580625,71.65202026374433
1.6446350694652818,77.47114412004288
1.5802122107411152,76.83042198196185
1.896472513291639,68.22332944812229
1.7035263551971729,83.32967477312775
1.6300274492007414,77.0669624239836
1.721397991073422,46.002754415846915
1.6887671950309169,86.5521237635205
1.6779030400466777,87.02428791932967
1.7614166700043425,53.03829335241979
1.7757507710047304,67.449647101209
1.6469498852389473,81.8590362498074
1.6424181759355319,62.62758613530933
1.6724948302848355,92.00964553542725
1.4698078835264414,135.5257620916633
1.5484808937801446,52.678330772903784
1.8366874267444524,44.06591667179588
1.8644967713501284,73.05010522748711
1.6750963960443621,82.80336921268734
1.7576556963055765,62.22395709240886
1.7311250154543536,103.12874910961143
2.0,44.63053473495308
1.8119574911434577,82.09487469402232
1.6872082408519233,55.60325561518953
1.6044459559399573,111.69962756903256
1.5393553679742427,121.23788483641434
1.7203463635867222,52.98469104738959
1.6243649254715695,56.55043298608013
1.5577746290402326,86.30403617317454
1.6353427115757473,59.37426035291471
1.5918451996385605,65.7839991416329
1.8687141635072564,67.19618843227889
1.788163975694945,40.0
1.6992027358683381,66.41006831063001
1.8479944138890025,54.2217255090245
1.7077368307647618,57.51599904032103
1.6138715798671737,102.83128145483187
1.8523124077269657,45.74341887814866
1.753891004368466,85.11144845988373
1.5962753845673543,61.33257599153018
1.6809661321916392,61.31790874450994
1.6124381746615242,84.53042838853199
1.5617200269035663,73.84847718389435
1.792617754753164,79.13726680552527
1.8909416640470131,89.16204086385495
1.560143242618086,60.376954555875415
1.756296923669057,55.49700079972914
1.6349357430878173,48.15643826781834
1.6512874616235305,52.058955761833886
1.640760607576113,160.0
1.6136009230320183,96.87329371181832
1.7048521627944826,44.46390294130533
1.6169049883588962,44.84726533094955
1.7270456825779839,77.05811045937581
1.6949761890550863,78.58488979916065
1.676105195313359,78.62306864577472
1.6092436337958402,61.775896365411256
1.6423228669431666,64.22314899815339
1.7755391225825756,73.57930890833286
1.750091718762438,68.42702862339509
1.6022444755201448,40.0
1.7099332305429225,62.243873375303394
1.775138712337179,51.65453889959381
1.5330594718878627,70.28535289405694
1.7543360192379935,160.0
1.6337376241054153,74.4586918384737
1.7570598668593158,60.69984194243346
1.6236740843457482,87.92994787531065
1.519511789933548,77.07711129741827
1.5372457562116837,75.64326040730488
1.7048084946661382,80.00228349585471
1.7259722501721482,123.58918849184192
1.609568337489559,47.50017852251289
1.7638592458777373,76.86799676948833
1.533847993773104,50.50567271716058
1.6933920201352683,78.77957745356728
1.5788983800237544,50.622393949156965
1.634816389219784,58.838120691311964
1.7047398671316414,61.036559806395836
1.6139586634716048,89.36642173348838
1.6615444455770174,87.84170019667883
1.800629280921444,45.89172359924508
1.6423108130476851,67.79444322809863
1.7835692112065142,53.89976098961992
1.5870293145342382,45.71600826371856
1.7529804177915282,62.48302281436212
1.84415686206579,60.791815320006606
1.452835549987271,138.10509397989586
1.6203104744529522,75.93577730698489
1.757707212718054,44.11124549240858
1.6796954613957007,56.29286519298241
1.7371145873371308,90.59644633723335
1.6396014813284179,124.77758492872465
1.70865897874729,41.438276479001104
1.684432276460792,40.0
1.8167782061659807,116.89657302544018
1.7254420843301213,74.9547241471435
1.7337602662075202,51.39352441790932
1.6588123033877533,78.28756090654
1.6512393775927505,40.0
1.656744181218038,66.75389528979733
1.7394452142378296,73.57802088474904
1.6579015519179736,87.99509214657978
1.7289774856896412,49.19692956386035
1.9075400798645439,68.42280314761189
1.7871124703431691,50.52016745891313
1.667397646783216,71.99632864701547
1.8201213922163944,50.97809870286772
1.659192462697845,59.00190598721231
1.4961875464822145,49.46450697430288
1.5991913689082595,81.07226136143291
1.5129208078974143,86.27460883115256
1.6648486515958691,62.15391626051642
1.701841837918955,67.45572107063498
1.8676437312275282,43.181949643608434
1.7326927373764163,60.95263002917022
1.6780899471191135,65.68946843756024
1.7829405581183488,146.38467649645463
1.4788864690992114,47.77057634211986
1.7235614558108565,103.46704659538919
1.7770865193886967,89.93234199774591
1.552141375422016,72.54382930575917
1.8143754043206928,113.02241312220562
1.7338496407494413,74.56204829607081
1.6584712086099198,74.94449393693156
1.7632781866106284,65.63202771014909
1.9270692857804397,96.26171352513224
1.7181866255058496,92.66036046244145
1.7248220586300336,55.27367822515043
1.6540639100459755,44.89048431303548
1.6150155630535208,62.74668881814549
1.7830335816544245,52.45671905705652
1.6143916174091133,65.42749792179062
1.707156623721939,96.6630713225033
1.6522342553234883,58.137419126360655
1.7478979825746392,65.83509044406802
1.7333662105286949,67.85728979944706
1.8037539944257899,86.01565070701866
1.6489983601145253,40.0
1.673012506470663,55.5892541320176
1.6021236284217693,71.05008903570481
1.6555706739923888,95.58574393589136
1.7377300493044852,57.53706021982815
1.775698861664535,40.0
1.6077834675822373,80.31154900124854
1.786960592010566,55.113311960160374
1.835563785880495,46.66992730271881
1.7413434903223701,55.29576830496148
1.8876795812558065,63.09505461495287
1.6226210800896426,55.62187730861689
1.5755345296688583,40.0
1.522127975109572,87.27987061110272
1.8496044311489181,97.75482051525566
1.7654365656354056,81.08164397999415
1.6944415329089544,47.4034162492336
1.727996862631982,62.774725973416444
1.5874510952701624,66.55599380216596
1.9445751979616825,79.80916255651978
1.7129221181975227,81.49177921367874
1.7109394794604893,53.503542163106005
1.772576662389869,68.3470681044775
1.7481009231736713,76.49184404703361
1.722388402427913,103.20803377185058
1.6209525544554688,82.38076390829643
1.7471468357135995,84.49708242165468
1.8882024496475034,68.38462292924703
1.8345420046154977,101.81299452475258
1.8593186626639397,75.40916646569877
1.6488784323568815,51.5047289099285
1.601039517974142,101.59669357254928
1.687421307990035,82.21773078332127
1.7055724912288694,58.38662231595942
1.8094191518470948,57.7516609357327
1.530753537028518,72.89154587830807
1.8529550319460613,76.62745543566002
1.684199210142101,70.75248642268572
1.657311893005258,73.21443507711705
1.5987895624739832,111.05073982117096
1.534514332813423,91.97004679028832
1.7823170583961914,70.6113345311081
1.7073317967188404,88.44608649466255
1.5710039100258946,48.92276494469974
1.5704921227936384,75.1418841469661
1.666421530070987,114.75413749821256
1.8669021525289393,62.463740187257834
1.6740408648636396,51.71303210506062
1.5496857046881893,54.83744883278403
1.6754256935914056,48.09172326426101
1.672727643025233,52.69767977623519
1.4303113357058428,59.671085340877255
1.6945705133482187,43.742925385185465
1.6769065469791322,66.99952301489022
1.7696206364813418,87.41642133455717
1.8848956094945346,50.78866226705857
1.8126565029547757,105.19178175921637
1.6731111309445168,77.729715766484
1.5893474091258328,90.84676405740275
1.9573359803249861,54.743006963476006
1.7059218434014487,86.17305726831609
1.7013929291912946,48.05853897769035
1.6975874912889997,87.10151262592075
1.7198084760767856,70.21428651516048
1.6855639588076057,78.72614931532154
1.6426337993119764,46.86736627893343
1.6453141058759608,50.98232720697033
1.6967246729784,79.77167291832282
1.6456575228866235,50.173931487103246
1.6287154217322835,76.62794961150372
1.7106430227691896,44.250145432642455
1.6745022782579144,86.00902768279694
1.8503992988582687,46.0737330476942
1.4349030191606986,78.70368528307799
1.809150685192246,80.45429668016224
1.8246085192497628,54.107264419952145
1.492660976759185,79.40870286557934
1.665731240591965,72.10566978544875
1.6628559134004208,56.732511595020085
1.559248830528218,49.27582495606296
1.6222183312409124,40.0
1.588942415453417,74.0614396444433
1.8752270443423622,41.7024203293394
1.793567839314746,68.62131905390899
1.8271555094994159,61.618708581992045
1.7721672064043235,81.75629686082036
1.587094822878277,60.90932909860096
1.6475479733720226,60.41066511445233
1.7489374561227917,83.05983164451779
1.5777872191108053,73.73793648275746
1.7712998430172389,73.32097986846925
1.6759674601841865,76.76741581964266
1.66251791924504,42.069725091767125
1.771095996820349,83.68306305195823
1.744426331148604,80.13723786190765
1.6639033834180919,49.15581060252793
1.8159329803364248,61.9777753011812
1.5918936672400101,65.90457178676975
1.7615935606944264,64.04916327783336
1.7593101257968384,73.71143844768517
1.669045356068601,102.45360219143846
1.7326133022242118,92.25255862439884
1.5748886423614696,44.98523127304531
1.79240270192069,80.36839461460984
1.6815097863557011,99.35308256663984
1.647727697948096,74.89166152388857
1.804900922583689,92.50790751893506
1.629565630945724,121.95853790230194
1.559153870363644,90.65969341735445
1.5443370826476095,71.86523138334572
1.7606009951345638,91.24302418251264
1.5719570647503716,69.64886121114137
1.8754794181984364,67.1662515958732
1.4918070592116277,60.01387162709666
1.8696456368290038,106.59365705356436
1.7211017467202618,52.16811060287644
1.6903286888129607,105.6054856539405
1.645508091319105,77.47530474450635
1.739913611435207,43.825162886964335
1.696236529757515,74.46243633031709
1.810330188201652,40.0
1.711422764866204,80.45132997909171
1.7150301761461877,86.97054037194697
1.6636387787786144,55.82898691701323
1.6943054376278932,69.20439061376544
1.730780176889206,119.85075137133173
1.5289831607343374,57.2985884319286
1.5651814577894287,48.53706456355801
1.7743264094022715,104.01124525404684
1.7170865438127942,120.15422875087279
1.681601666364732,66.76030728101286
1.7018433933065393,90.3272250563141
1.734758170536167,99.72763046783238
1.6460240319690638,53.37031701301126
1.6221695274597687,57.65103786353121
1.7195845255097681,96.47292065068986
1.6021627222384967,110.55402147411354
1.740825275571447,78.95390949162731
1.529741639576216,51.21619004868424
1.8029155637325642,121.03966883861185
1.7472597482413041,56.86663165199085
1.7256029734313876,60.307632166460756
1.7982690983945513,73.89915180969038
1.8665474444462578,106.29817599976131
1.801437006501813,86.15885925927837
1.5159125768668353,75.52469207280437
1.57204230332643,76.62984015405726
1.6375181422304321,67.56258818220104
1.7026091050210834,78.84168499208603
1.7517659020469123,40.0
1.6274256186846534,61.00877841603429
1.7186766764477077,71.69324853462834
1.6244617067646676,47.21425099658227
1.6388482197008052,74.88076102234619
1.5593338903151777,62.71863633538601
1.6076766753889096,112.91583401871885
1.5648315394383665,106.90129344795164
1.6024126747022667,57.98928947469884
1.805364179660784,63.735944833451875
1.6050601111168057,65.22323238044817
1.963238206483739,58.235908973769206
1.749331790088089,70.70437804257578
1.7184836123694873,53.11797479428031
1.6141642219818786,47.504070377101684
1.770030987940899,80.38385657613367
1.6424362173762226,80.54845068748884
1.712200981464536,52.38945193441013
1.9560084538268794,87.23508747030927
1.690394010027535,55.17592303623262
1.8149273326285675,71.94842705190726
1.6296823574874113,85.29392253061926
1.6965011509503038,66.01726050173593
1.877080063563551,76.43359110110246
1.6373032942212231,57.11524717413998
1.8812448557996928,62.869429304981146
1.7707751935455476,62.69252178418144
1.6437533224105731,53.30480600402781
1.763240773905552,63.24194394678244
1.797255444962673,41.9053921819304
1.7621809962217196,57.54998507668137
1.5429775280109543,61.22388260195861
1.6272862824175132,61.753217181203595
1.6752481364448495,62.02582100932616
1.6925566570899953,65.46206012204279
1.7620672097550678,77.00208161319105
1.7177701000933254,86.69143779671286
1.5664655641289897,54.87568926452015
1.7380197851005963,46.48081948864877
1.7610585745283822,48.78323341820683
1.7559790447931038,57.6182365084106
1.8080780725554622,60.00474273341295
1.7833922154548905,52.93163525901693
1.7459180079228436,45.20306981192571
1.6929834288541352,58.1580178556264
1.5339039066484008,70.41652642955135
1.7429618219132585,79.71907082146745
1.7207687687163111,56.41714400689988
1.7271578837195374,58.915290227296836
1.572325142417969,50.50086714620177
1.5918943459591737,66.06031899955067
1.8053152853332903,51.70070458420795
1.6960444846143345,79.19699403308267
1.7681500697372623,40.0
1.702831837613046,59.86614170201612
1.7029756139495744,72.99071211537155
1.7938283805975996,70.46741151234063
1.6483955271782627,149.59177726059332
1.7096120776940984,74.06477197912825
1.6537724711294957,49.34239353386534
1.6565503772567685,64.8035720374241
1.669082787653136,40.0
1.7222133771633712,65.0931990976337
1.6521251378336523,51.939687148931135
1.8255756125573521,87.76098877125632
1.6105392697780496,56.55071904116965
1.681312835583864,64.39076519671946
1.6560268941725824,55.11008044321834
1.8446977884353732,112.35409039244456
1.7196554776511574,60.559549497981486
1.8031844539468636,115.55736958916563
1.5514439626963028,85.13562121217358
1.726705026586926,77.06274947298964
1.7889630795623437,74.48665219719912
1.7082283989275424,75.04884659433775
1.806548037506535,40.0
1.6482711549899627,61.33403945665045
1.840934744018558,85.93123568487668
1.929889812361925,65.71523887602297
1.663716143956034,43.74787525214112
1.6554497478599228,65.64613097073119
1.84533844771177,111.18902210620628
1.8579572145730712,96.93760408414302
1.647713997284673,65.4573507641592
1.6579813182904142,88.71551443687777
1.6718215391139493,59.7427529484398
1.5655549488965723,40.0
1.60813480535158,50.53469871297199
1.599585923324793,106.57688297320288
1.623220243489587,61.42408827819197
1.6965315112613217,61.99072680438329
1.7234214732536521,60.94967606320688
1.8550500492814077,118.06566784947522
1.6001645959261208,108.61262734207197
1.7984322398476584,129.75318514059464
1.678601115577449,63.57920407222409
1.6950536290347566,72.87075165369565
1.7674819492166602,42.309313332964166
1.58772779784377,103.863789860234
1.738240974618405,46.977376493423336
1.7166452208213057,71.16724490730739
1.7492451264008149,47.9811987616218
1.7289168643907817,55.887455872269726
1.9455300139910894,51.874185160862766
1.6362260015748684,55.569662941488666
1.6469003044998183,56.72773185041899
1.6376859473575236,56.57229408262521
1.6444522880839745,85.62695886139585
1.6362612872693483,47.872496900976635
1.8189016531107551,71.24769217544892
1.8420504247989855,96.09984909577044
1.6429253706250524,57.1706749169925
1.616764442689577,53.765087902256965
1.7471415556386403,62.23033690571836
1.644777695571903,95.00386381480081
1.763293181775551,70.68492245626572
1.72029230208513,56.86247945681057
1.5484255885002767,77.10460414755404
1.8547505201330061,47.90943007341006
1.8795877673095522,81.81068455681542
1.6387211309515612,75.3830306739877
1.6612298440064015,60.8041144561322
1.7285865390724904,51.853594666826886
1.7334456789987025,51.11079479401206
1.765854427267283,78.2919823266396
1.9010204538766349,96.41811999891878
1.682305277250595,55.08115680400996
1.6201702755461547,76.51723511402726
1.5620680771985471,40.0
1.626906996005808,55.9587426491969
1.6966873027126201,66.06785501260417
1.8794557863517787,50.759306220069476
1.6482388700963828,50.35249079547432
1.7223787951638898,54.579924558437696
1.6983577103927248,72.79576777092093
1.8188393273448082,63.04200778842318
1.9526932425873622,40.0
1.6469131227079679,40.0
1.6510560557481777,55.58650448159483
1.804416087706907,76.5011654851216
1.7681891489626311,40.0
1.8846707325736034,57.402103394322
1.7583928185325963,56.94726379771608
1.664070790921294,101.13955880913622
1.759065483069231,59.4118354479317
1.8108703580582908,74.8058952533509
1.7820482181197363,69.57304042088514
1.7507274031107298,40.0
1.8066674689589153,83.97021603779422
1.8169295590445673,71.13780786296869
1.8382158991037527,77.67089394574306
1.7648709887589642,160.0
1.6832881919683145,40.0
1.7146713686433321,111.87800034127129
1.8206508966508357,61.17665999704139
1.6183064329012764,72.6896254893174
1.7368673308872902,65.78200537654004
1.660666118767264,58.71698866161437
1.7028744822934816,56.207495591946795
1.82784518626073,73.61528057339852
1.7191099068019904,42.302572127425215
1.7046436548156148,83.52731885438298
1.564014385902008,58.85881902886235
1.774625356602722,47.51185212266187
1.7645484181141076,58.2646837720005
1.916325472330546,97.23636480994914
1.6692221765047,56.79222734780695
1.721915032766394,74.25729971147408
1.7249383683710755,53.55521176057137
1.8577453279763474,83.71151602736951
1.6904704467613048,81.91255875351844
1.727902152577034,116.11518237780948
1.7607896509716539,63.26490906985077
1.7186609123156358,81.49946382797893
1.6553566385449472,68.67740571916855
1.7194089992898307,98.37252371809089
1.807363174985977,53.750355649318095
1.597348470058894,83.38776482474039
1.7132969674146876,62.90280838783921
1.6299879185060826,65.41447386303102
1.8195046628924842,68.54741840942278
1.5476813095216224,71.9284675511802
1.6441078152728412,64.40113692461553
1.737721187506452,71.12322634275957
1.856552402923434,107.0649240492375
1.6934249738927012,89.62505438131
1.6444800473306802,86.5520855449056
1.888115706944059,58.16816094206744
1.5551986099583757,51.07155821400161
1.4801194043379917,88.81807419076476
1.7440014450053332,86.73123097305263
1.649794577564739,103.731020011311
1.5978767182869287,55.63462794772095
1.7708356447299354,62.24856005258515
1.7243800713771198,40.77849060093191
1.643592136926327,59.27921082210787
1.5719695601329104,89.92456508707552
1.7872457328280145,57.97729023687499
1.765020117795866,80.81349254749681
1.6900824136220616,62.982006104149036
1.8846636996047665,73.49498028662381
1.5929915233673846,47.26133801081471
1.547447482907526,68.4129979367295
1.6308091930118755,40.0
1.69544139836445,63.05019483365805
1.7243339449322692,40.88887523415904
1.675876394214367,95.75552751053151
1.7352055396514297,84.20229739306785
1.5748460575809555,76.70763864315977
1.8443764604073258,105.24614745586577
1.691784882160743,50.165374802925655
1.8117295831588127,112.6413592311312
1.7342725346377703,88.20445476510145
1.7456753219153784,62.11785165135389
1.7569767280232202,93.75509819840103
1.7447708560017314,47.85195367774808
1.7642722759867544,52.072956845934506
1.832915253013243,55.55775348470565
1.7196521169701469,56.900645616582956
1.7709003757588513,48.57129444729809
1.6910264305712772,96.24768492281018
1.8440117215449472,61.70368662205947
1.632360769794073,74.1248986852168
1.8800940432910815,56.19875423831262
1.6959842049355656,40.0
1.556922489788195,72.3139609126324
1.712810441491079,40.0
1.631894834252512,65.3272847666533
1.7840643548988724,44.234520380844174
1.6347376020697608,121.04747206482178
1.655381656678522,87.65501418666307
1.5110459269054468,68.83594998920344
1.6547693680750923,97.42784018197673
1.4576120673371042,51.7334827228233
1.5416097176514276,78.49569743970949
1.7760414656144297,70.80595661320824
1.7785800158650833,72.18310562469594
1.7425457561784965,97.68090063617754
1.6033023856870787,83.07531706409202
1.695228864385802,72.72004719371608
1.6996397460909431,40.59048863675499
1.5841635310807456,49.99815533342953
1.850339830176715,64.27606483791911
1.7877362290575671,68.58073828469692
1.6779035826170337,47.50993668816836
1.702688583899453,137.48337527055395
1.720838280794755,105.10062415850516
1.4958265131575708,79.88878629028453
1.6752822617479404,68.14317854295076
1.6318015752002202,62.57321486783042
1.5998379990105085,50.12021711857922
1.6718899707114045,68.25455389365237
1.8797686526849522,72.0475099660136
1.764084286126701,45.94623126910838
1.6428821010217203,73.71843659023075
1.7572582781356159,63.65146144300157
1.8399355436586002,40.0
1.7924633682912767,51.51559084793844
1.7059630369920173,58.904550160456516
1.6353063222294426,117.48448674927587
1.769822331361359,78.80417182153617
1.739348538542175,44.67238516945746
1.7895193220027732,77.15457574913175
1.7635171801681968,41.92191844167188
1.8049552715319335,92.278143609046
1.6464764788439432,57.89682831767565
1.8317394065634325,64.83912119771401
1.71975996046924,99.25963513117041
1.9075260872625266,45.324645232814625
1.6310812181910432,43.853939031571265
1.873596380316525,55.97584184857755
1.7197910783462647,91.05954701397415
1.6348581996385552,42.27501194574582
1.651611416594568,40.0
1.667965269180568,58.244655809502724
1.7424165946401915,78.6904845293739
1.75228354880355,95.59098581003028
1.642629999606142,58.03530843094905
1.6975645407739017,58.94306735016268
1.9142270358611864,94.27068014812264
1.8727543170100711,40.0
1.7436323669674032,59.34950421528291
1.70380034781682,70.60685011927188
1.7120031326718261,76.3070716663453
1.7613517972730417,57.22884142595865
1.5977207434801595,67.37892634419094
1.6742623462576653,40.0
1.533141592612241,54.73621062806905
1.7399223122605278,76.40534189091524
1.764719593970274,49.66556271043277
1.6516813537700625,67.87686578876469
1.8573986763290034,76.2533805998767
1.577423433699766,60.17369157345018
1.553562511979018,70.18531711849198
1.7224451818559972,49.95787900107935
1.8047098302612155,62.67838278932224
1.868392769145787,80.08310042687124
1.654111573713106,69.90183413371138
1.8078680833431295,55.926628098575776
1.6961491530499293,71.32628558677169
1.682737270005918,82.63083675510498
1.7883659937486671,40.0
1.765232287841342,94.41710176296776
1.542360784301575,60.28742723306688
1.8476540349725896,75.76579821756926
1.8380091354147452,95.50456783669546
1.637443729849047,44.18997223491079
1.7395803533437408,53.90200626846847
1.7494030186282739,61.15645344522332
1.7260673765823906,52.71362408443532
1.6449694846154579,112.22221551716424
1.6328376632061947,51.57145758420194
1.6974445929008555,56.44890914580439
1.8172729019259364,70.90328104026138
1.7543600154594432,46.495481795171095
1.6629385667913894,59.222159425587
1.7771698710648345,73.3495213037697
1.4151457379369923,60.348849205374194
1.8148765700372103,64.84397127740124
1.52602862212219,56.894596186696575
1.6637559058596867,42.336894116686224
1.5880330105373857,73.44067690617514
1.5705318524279095,112.89745417192692
1.816082678737852,67.05549024573368
1.6532298798688108,71.34870795248753
1.7346503881730715,82.09005091017193
1.6953079421120816,45.567778323450796
1.747704082722312,111.13596897941483
1.7076821891060254,70.85947135019903
1.571700777581143,108.80497611496327
1.799626681944714,53.52185640137681
1.6506243416838686,115.05595517502061
1.544341810134025,84.14543309924963
1.6571884839034088,78.72116294007182
1.8500759790634311,71.53646618834823
1.7850221742113492,61.89512463151939
1.665134786559214,95.59872637603142
1.665074229568157,69.55431519564571
1.6678364948782618,40.0
1.907674798356084,47.69583423532901
1.7381935452231554,63.07006645478852
1.743004164719107,73.18567425751773
1.8030283454031841,65.5637828853648
1.7238789159026513,96.12901898493352
1.6740957854179297,40.0
1.6803650150915022,69.62170561121435
1.6928398740585935,40.0
1.6962777763490158,83.75649237911593
1.772762954363698,64.82312361843796
1.7051945885807298,75.63226604029013
1.7732640077215578,51.461559517359476
1.6919283419891418,97.88951840431073
1.707863519031609,91.15099336658831
1.5001799315467892,79.44486753059671
1.7916327674702481,64.14491534402916
1.7346488475897992,79.35704172162097
1.7998010109859652,53.943231744274875
1.4103744621806311,86.19970002767398
1.9088374704780726,109.38177310557707
1.6860410371844825,91.94431922343773
1.8108182816737517,53.57696718679274
1.596009407287447,74.32335195785338
1.7612773905062569,45.243433195915216
1.5946584436826343,79.17947358735407
1.6376231039304194,76.33877677899183
1.8914031353866787,40.0
1.6809317599236653,47.061951314038026
1.7217432873179723,61.25578726845282
1.7870067730688755,60.930999966832026
1.7495681887972605,46.3933866219419
1.7150418905143576,74.94043655975373
1.7364961002466226,71.91192329949672
1.9403415585238275,62.91088872480708
1.6942381202966414,53.15767781499327
1.7201099046714967,91.34213100241394
1.805065439600761,109.57641217023834
1.8105525932957984,57.68121486141743
1.8187030305560379,55.498163208009956
1.7638730222029184,77.2743672443994
1.5856995087269516,59.89488960718462
1.8633431532301095,63.95507218922613
1.5853654606981311,83.2539808318569
1.7302635465239034,40.0
1.624572414998064,99.03672069326446
1.6935861653407007,68.15633818721767
1.732876241030348,58.94189078555414
1.7321357215450273,64.92480497758801
1.7421920754235285,65.93891653969916
1.8613711269058646,40.0
1.745353430151398,104.4262904767453
1.675584336470935,67.51823365895244
1.7964087168288356,76.16489333446137
1.818947048892464,88.71818907738486
1.5772392184863007,49.08979945116474
1.7597400069849858,76.86430309480004
1.7701172742310898,61.54124944923978
1.6702436496640007,85.97282281787034
1.8375706813311619,40.0
1.6849944412967472,64.73303832727807
1.7125576453471543,55.6539916696329
1.682692817571613,75.91990364912171
1.7015579047581466,76.78530311958322
1.5903724913104798,53.931365643766036
1.5559949117405705,53.857832359791146
1.859450506322497,64.5087187724302
1.6153038651681673,50.95828372369816
1.6008607650543691,85.84944380473308
1.4846609886396285,59.69437768695279
1.6361038252310498,40.0
1.56769102065925,59.59390972414354
1.864201516013637,48.8344913786699
1.8009817089342635,40.87903154245271
1.6311849654822277,46.00600854641587
1.9252435805344308,68.91146340075562
1.7981765486991594,99.34436497581682
1.6675168616491378,73.25564737240195
1.4500594285126427,55.592537995475865
1.9290942572590741,76.4602699259104
1.5610427533236404,58.10623115685925
1.5354601253043108,54.1425232570116
1.802257043200964,47.16684453792255
1.9439752406339272,40.0
1.8384272818510519,59.324530486623814
1.756390912005236,69.924497093378
1.7594754341665286,64.78103553292384
1.7853415558780308,58.86283587309797
1.7758928589786764,50.213111697701564
1.7281191423969375,80.03578582805194
1.7104201103951875,44.91898006460783
1.6937406872100478,84.16745902429591
1.6246035411133324,49.36960218067111
1.6719324923133225,53.2112281108595
1.5307043185804614,42.946898880797605
1.690166037320525,57.373318223036414
1.6011408892849082,89.35290355923311
1.5896410682784228,77.84256787929445
1.7179894151153479,89.43629942515065
1.83920022863446,77.99484726327024
1.7918316606002314,47.88963302447239
1.5429499396376822,60.38635885739792
1.6010371863429662,52.7698635288924
1.7940771187988216,99.40202356098621
1.601751260646169,46.570318962646425
1.6775366850002975,87.19171429231406
1.7550052099024551,87.17225999951353
1.6031655545136365,115.45560231419276
1.710537550614596,58.97384391953579
1.5665974505081794,82.5741475494135
1.6398632356048786,132.22374836534453
1.7319781934142537,55.407086288602315
1.540700626646833,42.07643838637447
1.7440474737960399,40.0
1.6980362201073318,82.58380605129994
1.7552489954417148,40.0
1.7223914134064662,59.63867566210924
1.8364140429973843,76.03501486630884
1.7125224502647907,70.49576668887181
1.6570594458874746,75.76477381659245
1.7122297503032284,71.28507343316372
1.7543298029036387,97.87192576351026
1.7048860070325704,50.114234313875606
1.7040591691203881,54.42923722421373
1.6298008312193244,52.88935904800208
1.6337099082449051,85.54628235329977
1.5597394728200307,87.3671694508101
1.874957674318694,76.35302078115193
1.5756136764608715,95.11132998689702
1.6307094802204092,46.83298394304862
1.6281592734430803,109.96556083631094
1.789492437694444,105.31665634166578
1.6705050321707973,83.1533587902538
1.8247742072673734,113.81105631392515
1.632650937575613,40.569357395694404
1.7278994162223802,56.978018842773764
1.6164652946740241,53.48541296127533
1.9145149127773389,82.80130292919118
1.5812401580970488,48.664887693032966
1.7309820710227026,83.70080078732747
1.7633776880932097,100.6008637083653
1.7413799097451497,82.1511522063491
1.681471234112229,72.61164490424561
1.6870179300266572,49.58250242141448
1.704381147197911,51.7251803411192
1.685299799837151,97.0169467094983
1.796387911679491,84.25135912683427
1.921052300159135,65.91026160535735
1.6442508214992166,58.82854146906174
1.5630197020420922,40.0
1.6911717951648744,48.36344570737052
1.9579709337654319,118.32389370778876
1.619632543203027,45.41594835435456
1.8639116805444067,70.5868556355853
1.8677700814076441,90.21838146576142
1.6446411758292006,45.765164423074374
1.7568983079185274,70.48593190324856
1.8628396623128538,88.35604886782778
1.6620872259012511,66.93686064043264
1.6796419639897637,157.67262924022432
1.6418319086051356,40.42386071316043
1.5985243269307132,91.61715712191848
1.6350722454933992,63.31735605060661
1.5776059733237744,84.06380101636553
1.7034083468259225,76.12617381694291
1.6230026768941357,53.51987824465543
1.7233785911790747,71.42864059795659
1.5444104353796373,40.0
1.7330880232214456,79.91585352479224
1.7833528961608924,72.9261685627255
1.5006264357428545,80.76938947308234
1.7374056569847571,91.60038708831706
1.8227668992473292,74.46177839545895
1.5790358981308794,69.71578940780587
1.8672572386837702,51.19692640041459
1.7419019009366046,53.85707459393548
1.6294988144241591,95.20385037102191
1.6944230922342294,102.60643209045624
1.7558326912521722,62.088877654513745
1.7076005391412412,67.6130373172146
1.7538755992446369,50.8365552583297
1.6079326406920633,94.80546483897258
1.7169360824036077,81.42033415102823
1.5586285503095019,119.38639275511015
1.68887739386513,51.23910842240783
1.609609235853521,59.53697989264767
1.6264470057410234,71.4811498698701
1.8236093175210437,80.95932445465198
1.8091310120594268,62.5083225536547
1.7609138120907177,51.32159777640819
1.5907687235327421,86.87082617283203
1.6683591550305197,82.79275923905617
1.8213097699979184,50.65904381456144
1.7141716913639904,100.14637245441362
1.9319329539981693,94.73273516660672
1.739331783939437,69.42791007800284
1.7192049116490031,68.2979231744694
1.6690883535797498,78.74520061954003
1.7133540904782283,51.495224690959404
1.6847530163619455,67.28985240284396
1.770810867668859,40.0
1.7956702316794584,86.7418697219862
1.621401053949205,41.74384575090641
1.5668767046442222,104.6923394495484
1.5163794626896703,60.398481977981895
1.7507991326912544,62.583389873927985
1.5896633393826125,55.23958568131149
1.4847109407047516,61.16580783133753
1.7388578604530964,102.05984975846086
1.949299951743279,40.0
1.6993929088460107,97.81614212524173
1.783849077445164,73.80356556516793
1.7081829358547564,46.427571942148845
1.6901110346808856,48.29877906034156
1.7919076482987768,110.26845671509156
1.6709725455811348,50.216714829945715
1.7267392314071903,47.18116879714778
1.7321697806196013,93.80276776903476
1.633190954635695,73.81528787165941
1.7992042349536523,50.331057255707805
1.6825040243304592,71.16402989236313
1.6244254840507155,49.02224599137742
1.7536509843570403,92.78142141933957
1.6101532018208962,91.6898136311074
1.7028181157369129,78.22598330159839
1.6990881003355796,74.32878691731
1.8085895565831578,113.1095069451877
1.7474698232879953,66.6800560334863
1.6974973041254855,46.77915802454255
1.7817766299200286,76.31291376587649
1.8390207549017312,124.68793737670576
1.7557810306351862,49.18418614644975
1.701035261984338,59.83322866886443
1.568816376764984,75.56051145204191
1.5934886336924627,65.61658901441659
1.6694775295645332,49.66542047657071
1.6390487797840716,93.36881069537014
1.6813028697014554,133.75532747948532
1.7056649924897107,70.72785172623576
1.752969275435673,50.84488426857818
1.6929501221940908,41.90109006597004
1.7486501643826202,72.05233963988144
1.706447441481012,92.86652089557928
1.5024533433646128,76.90341808386853
1.6060664606181245,66.63825737783901
1.6855912444278385,55.880668891763435
1.5790305257158892,48.055226911888376
1.7599928729996204,85.66337727291445
1.8530750832343696,87.71838270951363
1.8218761851697316,41.94172119080445
1.6786557129069792,107.44205655442454
1.849072613684995,79.21941172036058
1.7148667457202111,101.48169055038966
1.666291402888196,44.583403701335186
1.638659733645906,44.26758764429778
1.669753031351187,63.77168015391076
1.6611823181458771,77.54320989876834
1.7170416222375486,114.30933595689511
1.7160573981049865,82.41963308625212
1.7003046020153414,62.003796494732654
1.743693816974635,49.01317981209789
1.8190646274786342,96.44763049026015
1.7949554135441323,49.92831977204191
1.5515102031550096,108.69443169212975
1.4446078865098044,61.23289867404427
1.7934319911239274,107.46601110276214
1.5633121301584578,81.75110994693938
1.6775234598107316,64.00116927836703
1.5829886973940641,57.06443616900564
1.519801956241998,60.2033282177789
1.7541462728204789,75.83007696746836
1.7759155160302647,68.24791941683044
1.642348959927328,55.80461530797973
1.440895770785509,63.45370449326492
1.6453755551747518,68.27701015182512
1.7391804005402547,40.0
1.5521088431225871,76.51221753622039
1.7183359919779155,49.703911518189265
1.6984690150827004,47.18142509619416
1.7579291499601088,40.197174049053835
1.7119580368414153,40.0
1.6026931059118443,44.40560716951736
1.8196571501664491,53.90879907363706
1.6841470426973029,119.81845727976619
1.6972695460490068,56.953554208816406
1.6066732040926803,70.33890304461751
1.655671774880849,75.19948751345336
1.61151972859731,69.3606397374519
1.6827053940076577,65.15486416404195
1.8711708480142344,46.5912087974951
1.5628098857068644,103.05659099479715
1.5386438602123258,114.6815312263207
1.847117032749361,40.253718784702244
1.6790676322848133,49.047608219565134
1.6330927261340082,61.31698578421613
1.8039904687396076,49.930830693040335
1.6394384460263136,77.61724765105082
1.8826009713546936,53.598352961693415
1.7677925871339268,127.67868319704706
1.6512088591854297,95.31284422184379
1.9157308213265503,71.07759795618816
1.6394285076996662,90.74885708817158
1.7742095372009306,92.92290095239395
1.7299292580406491,56.306825011646765
1.8301741289398799,52.2027317887673
1.8561511196726852,68.26812174478026
1.7032004149065767,86.35708381908928
1.6246582129653815,69.52720533154447
1.7459972142939115,41.55014683967315
1.6322284630247894,52.412895942180704
1.9013387247526623,65.22273737740092
1.7136535331082736,65.18962423065571
1.6634678448687892,120.51360523080257
1.7184680305864908,44.00061527223152
1.5652873710470303,77.60848566398487
1.6028385961489349,104.24396116210191
1.8200413907944424,131.8196794144484
1.6343105721028603,59.06749499635201
1.595308901731806,77.27950895762375
1.7536652752527286,79.1170267140159
1.8185704154662996,70.71406692127304
1.7718953310665067,64.7378759886067
1.7996047685805816,76.00450515236352
1.6243204911430538,40.0
1.5578189333258157,81.82811158828746
1.8501333651955487,69.25901873988123
1.6677320161157865,62.38079970343056
1.6749166983544952,123.23075549658986
1.8328194141849057,54.46290318298333
1.755623000940066,59.09091577936094
1.7455887772081606,121.20289877824113
1.9165002344901083,51.95518959663266
1.6356481769619857,56.540964741972815
1.7927840128081236,63.80888046914523
1.7057013124897085,85.81727655199265
1.7268592278863257,70.97592621893145
1.8528468426412532,45.25044009044458
1.7507835756289623,56.846203164487285
1.7538296079049633,55.57834628183032
1.8072507337309802,65.15921174465052
1.6635047270457115,75.77383873012955
1.6160790332660993,75.60041153583649
1.5955190805978967,40.0
1.5033643410623998,91.76053436106562
1.9056207129940321,71.93555536264296
1.5896791634278316,101.02415172832129
1.6778746376414229,76.19223070079171
1.672318670011108,92.79538308550404
1.73074066978091,76.70474673111653
1.7815737212539295,99.8698388704494
1.7860473488359745,77.99737644515089
1.6416922561431062,64.75593949771198
1.6832878286213588,131.85863689755905
1.72825799504883,87.06989062651729
1.6751308873816453,79.21164543256907
1.8607345576019991,45.47254217151804
1.7490974951638252,45.30909181917231
1.7734877786049816,72.80718494575919
1.7662881268667412,69.66209640693462
1.8173473857485325,55.465612298535895
1.7181021558703706,69.56731255919543
1.5703168052044152,107.40299610852507
1.739968795175264,82.15607093530275
1.634864310620817,47.35618561337965
1.6471383318250243,64.49239770762998
1.7586364018755092,52.37922565461893
1.8238283071433634,59.364121283379575
1.7021271576736061,58.90437111078238
1.7308833012598963,57.783676668813705
1.8702214944635238,45.76224418658398
1.7240753179488568,64.18076758858668
1.9601683114180395,56.363270210018875
1.7565509645631543,40.0
1.5239237240844181,123.4568382773866
1.7753341621104533,92.4465737215182
1.7381158384882778,59.567479699151356
1.8289752754082744,67.06388784136311
1.7673181351269958,46.922799894689774
1.6861544016016226,110.90975618976626
1.5775701763710634,117.8233664410027
1.6790976742713974,69.89597871514502
1.61494795457907,90.65482778991587
1.6419476550195278,70.28694192381337
1.758857840442061,44.65571829044415
1.8669904504351407,58.936051859600326
1.739467152982298,69.37859496446217
1.5804116937964816,58.185470998829224
1.744460266822014,62.452359417928406
1.8196631486645651,64.88264215815207
1.6390217095680617,65.08775593440383
1.6865982833327082,67.74004740173322
1.7014688194729197,48.51235365673382
1.6215101686917759,53.7796506688906
1.764828043384386,45.35973060188645
1.6879051851392217,89.4200262984282
1.7419532443907026,40.0
1.61125078221979,94.26190232733805
1.656254169967659,101.07924560829268
1.772238135782777,60.9068607220523
1.6627166847908232,40.0
1.8726963851233405,59.83596080130552
1.6600363814385397,65.41455267089793
1.7224684725751886,49.24562513967916
1.793259083187309,57.13600519968676
1.5581634267066968,105.53667888591897
1.5239191188019223,81.40837451127645
1.5474343685429905,50.533211100746335
1.8262584103427182,41.294125457915236
1.6448141854107552,60.45472904679005
1.9558199285668252,62.549795416920475
1.6435752401342612,77.39016893687607
1.7184551303197038,56.79254040642786
1.8542109952567876,77.74621534256782
1.9006092888159123,119.16942404269459
1.9061503576636398,85.17008922245999
1.8208366230593143,65.73118351383177
1.8024062525811462,63.121084546397725
1.7592526949201184,59.919264219099034
1.7778361076166638,95.02996602796131
1.6448814283671467,55.246553933849185
1.6181801116577692,67.59721694170288
1.6996625542589048,67.71849753330225
1.682981537747507,57.366742827114415
1.6546771950672725,44.17947592416724
1.7696387447456714,73.47111612453811
1.7955305208570511,65.47699165208911
1.7088406886291847,77.48405248757405
1.8477530081055262,56.82179165615706
1.5858310885866493,96.18240008589073
1.6806340540720281,51.262929321045526
1.6283177679397194,111.45401510019774
1.513346338292694,40.0
1.69173193141573,75.97702708290768
1.6878252491616716,76.90948452699031
1.851344974324213,52.527291867372455
1.7630811684554777,75.74089062316017
1.5975813175670794,97.89109653612093
1.8854092566334189,40.0
1.8221033695525353,77.54228823950874
1.7582097703468615,40.0
1.6773515901150167,49.91395180372535
1.604056076327652,108.71718849664384
1.6627793223928946,56.00636751982938
1.8088748619704185,46.891480695908164
1.888458630593461,62.84168840259713
1.8543243528272189,124.01120215062988
1.6511150578213725,40.0
1.5880382566710989,48.64782139845786
1.7140886246911204,104.50443439995588
1.523156063443715,116.43238323150428
1.7323167714184782,64.64887041242326
1.685239741370133,45.983571401015965
1.6533963498131756,125.05492621908007
1.5405296932733203,107.59053912611962
1.7513600106569716,81.75149493923793
1.646729916033809,52.26251038121973
1.5830083164289712,65.71263350184925
1.412773778671835,63.55412948930827
1.6972485094949363,73.64493662431931
1.8772251596669745,103.0588754709977
1.866125921454787,86.81896706257042
1.6542903743413728,48.26888629034512
1.639778793963822,100.78090820860088
1.7468774256075024,73.25449725637202
1.6001614560811708,81.9508550353447
1.7301791899819465,103.54043966385281
1.776608027838469,47.77611962118041
1.8226933223884307,65.97344591111661
1.6899845923520047,56.85838112612914
1.6796326249823035,41.66419689637391
1.612201741324344,73.99614470615178
1.617311964596014,141.66526207965757
1.6773521108098473,40.0
1.7367365506816177,66.04364535230515
1.791358462623325,80.81502332811466
1.6196821049319654,69.19464398011392
1.849268856895952,64.46107699752292
1.672887639895743,45.16105457439818
1.6978632705651564,71.50990866904125
1.6252788320852176,53.14217169356183
1.4575759739727059,40.0
1.788404539636105,95.42853723392352
1.7736843897092434,88.90032034574898
1.6718672442881786,67.72790580916165
1.7066990717224872,71.43031838527926
1.75159392177041,92.04663988060933
1.5437454143113456,71.32892297816345
1.6470947322653704,87.46207461460428
1.7794264679621827,60.992770437884914
1.574571057683075,98.84916689131765
1.729355793216663,73.42288837840385
1.5643418195376595,70.68374158937807
1.7466429982433527,45.557791979332066
1.6964358517702516,72.6814908828726
1.538486818409449,51.956847835661094
1.8164739354457171,55.06504826033871
1.626540842320195,52.215913852665146
1.618974756298562,48.43048740270366
1.7200569197230942,126.14492203714882
1.8148637349428716,99.4248138271369
1.5984178181021602,118.64196384205925
1.706167984984797,46.20700888890539
1.7428816500330573,68.12717131391103
1.7693105607263144,45.23846463432852
1.7176441555277224,54.12474834738407
1.6632972160916677,50.630892057484765
1.617240977935128,96.72531932320848
1.7086143883046374,59.21240693694759
1.5927860988014393,91.88279524227642
1.4078649516505393,79.9367955568824
1.7436559804157667,133.09878882617306
1.7903934841086195,42.7841083351529
1.4637067564458162,97.29717666196201
1.5990269295290063,94.05994211580578
1.7619154261005197,49.79857397556938
1.9057495469711698,90.20997431481709
1.7020793707675408,73.76198488319308
1.6271997058770866,62.28727317465507
1.681710355889516,52.08199761921124
1.8374876419148185,53.74588815099939
1.6354035820875463,123.33985929040789
1.6200807993349746,66.69999284747037
1.6517256477817968,84.32167930571181
1.6046671391741287,52.60073986397265
1.7122670315994795,52.775344220736365
1.8624678458469561,92.25859439688358
1.7323079273116029,44.48389157384944
1.6747646497873712,58.8761373165418
1.6708188731084455,67.37056647286053
1.5436809191303342,68.95208068815462
1.788310977714716,63.19795951617636
1.6922162802987197,75.09439591356096
1.6819520086409374,82.09332638581128
2.0,83.12880427456054
1.7298752908365687,49.61329575568003
1.6248208949904814,61.237115653631335
1.6573642403794455,95.43342257567336
1.8148445709196754,87.2165543423175
1.7113270410537764,44.17425549628158
1.5561722021682634,74.10210727121117
1.7919228934575204,40.0
1.6331855914461006,67.63194770653016
1.8873297776217546,117.84027490565293
1.808004806571465,50.18078501609032
1.6552678104341247,51.919948804656634
1.8281016361735112,83.86504791419654
1.7067855510527403,41.97858240318864
1.785277367512222,55.15643888107134
1.7484732817294475,79.75283911939883
1.6153643345009125,55.13111435900148
1.6356450167682537,62.128759882734116
1.802996081758116,83.36726389752246
1.666522466789346,75.6762085509927
1.6596351536758003,72.24372838670907
1.6044877420650647,60.235586541178634
1.742359906559346,74.51633287513317
1.9062524919243145,64.25632715003138
1.5932467085745727,76.50389717337559
1.7024219456672758,57.4503095511914
1.8412220555415428,63.132096917130546
1.6920358608754285,49.55150641516217
1.7452371796249733,65.98963716176624
1.593760647185312,52.284488543353234
1.742830709720765,47.740785044958535
1.681285573499545,72.06715151983148
1.7985729995679862,71.0811322758061
1.8187386051564751,84.34049525994786
1.9589563642018613,58.59575942054974
1.7579633173213576,75.37049263467598
1.7325796316582167,78.66822076755258
1.7194384301577335,76.20538598019145
1.664683370718931,52.055158415716186
1.7338483843461692,69.74244118220142
1.670459858986097,74.38409103626566
1.7168460976269613,66.83009747492773
1.831759753560796,40.0
1.599345743472036,69.97561940678357
1.8139878561129046,129.51015717131742
1.8317115067339864,59.858785868841565
1.688193147300892,53.60149023828845
1.4878145100991405,74.58985961775016
1.6392178012905567,73.23793051099598
1.829699454656111,95.37538722522252
1.6977131937701118,45.72474206373476
1.6000697767705088,83.04761149252803
1.6495225078771782,79.60895753576438
1.7840620026504552,63.90234373742577
1.7546733568201378,73.81826508611228
1.6761067900830304,90.81616010347544
1.6633175588185312,86.63419629479436
1.6608241850956178,47.32762704970622
1.6077589815501496,85.28916771828092
1.8615375689469442,65.4046540313603
1.667767953078866,68.16029628422977
1.8217158520825496,68.16689914850917
1.8521316051922452,63.747317413219605
1.799831089814796,95.34598747855055
1.656837968728195,65.03233527990625
1.7403730090336609,47.66208230204422
1.6975804393609084,59.26038525428489
1.6096298139269871,70.35883873001085
1.7324359281721602,96.42489694051599
1.5820960208840198,79.91218989149932
1.8187679388461564,51.6680404047079
1.6535382702701606,140.54911139667493
1.720115965587284,72.19946192389612
1.7283287871546142,97.76994523729068
1.6741095026295922,63.71918342610342
1.7586693801475275,78.25774275036787
1.6525096343377474,85.78468991524801
1.7871297297457245,96.10664050397652
1.565402031975325,91.57977877820137
1.7126379579546411,86.63111962373723
1.8938928999058284,60.671494847589805
1.5999668675394425,56.175245448311195
1.6322255029475148,73.68374754484871
1.7513907849658914,88.22923950199635
1.7179581781939597,62.37619983803635
1.7350630099273558,91.79442718282537
1.7489187130147663,103.1088291014492
1.763472146856177,50.658332285278185
1.8109699841956224,51.87950348031585
1.7409818656928513,63.936313242559876
1.6758742345381457,73.1332997858918
1.7672573701202732,56.97598685760187
1.8899881934895215,100.04907380445867
1.6867366253617426,75.73345907172256
1.6025470695329358,67.48019277676518
1.8107080669286972,43.3465511944148
1.6879618836046402,44.9367189746346
1.4827330453985963,72.55194405802385
1.7847421677150421,40.0
1.6464671814046077,90.3590540526248
1.6909466717695838,63.59620804841184
1.7331980330569015,160.0
1.7190499679779065,133.26969742322893
1.770945181713904,63.15331106840643
1.6564513629430155,64.59253838496207
1.7513105798176083,89.89788851859736
1.6740453322416082,111.15790777740906
1.7738810480887504,40.79629558363095
1.7615367484013054,40.0
1.6064561297955404,55.33411125050552
1.8085982116175032,79.42564293182055
1.6464036554885952,77.4058281728986
1.7808057798281145,91.92117685512552
1.736728731340134,46.52969642223339
1.8838183676795122,40.0
1.6776534017628146,86.26330100657786
1.6650683203881802,52.01546707534458
1.6980580394112268,40.0
1.6696820217165724,69.65253694729535
1.779994190194205,84.6015600259831
1.538368939156341,64.288634636981
1.5946317580853646,58.12788424787618
1.5932197078420807,63.57315756267736
1.7950307591973576,59.66974877465925
1.8710613372581926,44.50430234540221
1.6895550781462527,53.81734413486514
1.6831178276809988,77.97466541079427
1.707005216311318,73.4425569389476
1.816187830260819,70.13471845191243
1.6072646865809426,49.4744045202749
1.7238368982734784,63.1522862332243
1.797519762978243,40.0
1.7501094169939844,70.35423629537144
1.7189581616598744,102.37651210740643
1.8001046092567141,42.85234461661506
1.4296767707000761,55.936756146370364
1.7677875319530907,73.60640405843385
1.6345924316872575,97.1108190021953
1.5169367103143543,58.29594955893994
1.751120259952498,54.18070784266245
1.8373658545162956,40.0
1.6862551485372308,68.78814635835263
1.795287454720294,123.0539419952465
1.8612278257988646,72.47252601980396
1.8314914453584046,66.24210621164508
1.8639964529371393,73.45145363470401
1.774212749107189,66.46479432410035
1.7075433638901591,52.25291549951338
1.5398034188102832,85.36908003061214
1.6753937511870052,71.35935552661432
1.6156753404683808,67.03963258200315
1.9170942717497814,49.76889506581092
1.6824114187567663,98.59813824960011
1.7123204806784484,81.40289386958214
1.7551485376040468,56.49339613698211
1.7043602446372452,90.06642522046677
1.8695051040430752,57.43930060014038
1.6377350638265549,52.74130645567971
1.7194607455237243,53.09533465353572
1.6257529414301952,40.0
1.5679977488779293,76.8198226387805
1.6388230909094714,40.0
1.6962963202951586,46.13015467648083
1.657069777548274,40.0
1.6307579020126144,64.98646985574743
1.5593682536328166,63.745835850850845
1.6916894427371305,60.460553011574504
1.5495279625968998,48.77542947013855
1.7760055963689603,46.91464439629717
1.7082439752934502,76.65470290891142
1.5542448500535069,56.5335586642158
1.6690790922950136,73.3254312693924
1.6247843594409417,51.132760331178986
1.731917451041918,70.4088399555392
1.8340450446023144,98.59133832967345
1.5124827530354255,79.50737145910502
1.7115026079147417,58.925613159820514
1.6839867204433359,72.03554596205782
1.7671340076450466,62.04130963681713
1.7213196628237688,66.84416771630383
1.624803066826118,60.48023904671509
1.6680946064333382,63.478383983305434
1.6203974143196511,71.06734907330201
1.8076007138598598,49.50097617688847
1.7021311648671942,49.16767286253182
1.8901190685753007,43.96690684823053
1.6939339186185378,41.26103815615902
1.6291593233089536,46.284873078126566
1.5486285607387171,69.95406078040082
1.5196860323744055,51.01724665952595
1.541586405699451,77.79555837580334
1.7267126651011484,67.38443958855242
1.7508725023229934,40.0
1.5418809297967866,81.16569441042822
1.7895038314076115,85.05002337477463
1.651693894831656,49.49349256253988
1.7146793011985548,75.64546284833672
1.8612220628255425,51.575694710641436
1.7896839315865531,68.66922337360451
1.6731469352094168,45.63388250127776
1.6108807774584712,40.0
1.4848184598670695,59.45114263875121
1.628084668075758,64.25639912663438
1.6788869761172305,59.186654865905595
1.6012820472848817,46.74890497815608
1.6868743032907694,59.14726088230345
1.7076851882958768,72.29741869094798
1.677514401819192,65.79422647649294
1.634999741917654,70.4392269641077
1.7168654671966728,54.54169417213298
1.744194064956941,94.77592055522555
1.5909600922557154,46.85922990692842
1.841093237974627,77.1898590638674
1.6901411867715739,95.06561409587736
1.7018849622944847,77.03596785771433
1.7708214423256556,62.7552808774583
1.72332161312635,56.91226582490627
1.7953136633913245,90.99697783071468
1.7287124165201824,43.515079031145405
1.6387562625359562,49.84721971762643
1.7361503525206101,59.18881986081969
1.5856273792679338,96.66932435418201
1.7108559705776523,74.7336374121013
1.6966770009355538,49.87831167213205
1.679188314272746,60.75854242499993
1.6871462488561069,55.462274826372266
1.511815095450236,53.89637935757862
1.645127509225904,89.44884231091244
1.7092844901141113,44.18905178461348
1.71598563919974,108.05434086276321
1.597232485907404,85.49594150646037
1.82657078408647,92.50461185626747
1.61338251517855,58.03917110048737
1.7969457200526737,63.753098340444815
1.7427194361871685,43.38242718947887
1.6353772690156196,56.97435634271513
1.8775310892609511,77.33111941181797
1.580636316824352,98.37816888655279
1.7919154173610001,47.839562041964626
1.8000582318042977,59.760697886127325
1.6329379790923355,63.72712103704512
1.839246530006433,43.871426858284025
1.6749953485401048,79.63110417779323
1.7288693629279857,53.66724756644359
1.726032183877122,62.8897312144676
1.6865691258529452,58.2308444912061
1.7810808273159782,52.62537660066423
1.7793488720552213,66.54553860525287
1.5251468026761819,62.50941131396388
1.8304340242878152,59.64692731512082
1.5337508011964325,53.59530727990352
1.8032546204341657,73.39511653855907
1.8126705136827583,109.51759053913639
1.59090335697848,69.54445371175011
1.6589185712045416,89.91236416747837
1.5894295331514063,43.94476139851723
1.6785078969711265,69.91837091380287
1.6691965715814259,47.98025174678483
1.777966053226934,42.81645630259094
1.8310308746119608,53.420180030002314
1.8395683810789956,95.35147491168048
1.6437831973421697,88.67737190540832
1.6790778126255472,71.72945101496613
1.531656180777905,42.10598247062984
1.6194129933503811,62.872936235164175
1.7964851633097458,73.00369108442811
1.8615582823548231,70.29220205752499
1.5765651128120077,40.0
1.6407535740847106,51.05505935589016
1.6973594243041072,65.41664068061908
1.7280161158819607,78.3266006673794
1.6190396480078353,40.0
1.742406104446409,63.520507553325906
1.6526160652929083,69.61044521188606
1.698554772912172,86.04613419570241
1.7546284248003698,82.09337141613837
1.7006422269810937,79.42168133439475
1.656361410947343,52.45826221525281
1.689039019607417,40.0
1.6911637040794665,59.26886778085465
1.6629988970117873,90.06120975610933
1.6741203937332898,101.29492975826415
1.8598647170504716,82.53023662084304
1.756091944794124,75.85337851357819
1.670451968197084,74.73076797229055
1.7696954404510734,56.439223898171
1.6666180510243989,64.13446609002632
1.8173124637586642,110.02645729635915
1.7369642192198094,50.26115931791822
1.689269785599577,108.24894676838488
1.7447716925810277,60.54528234899965
1.54291238479315,99.2487805387431
1.5873232531090193,43.72655122637522
1.5806074993600945,79.5011319838431
1.7142943094763707,53.46188441828539
1.873251499948509,43.61581624219354
1.9231300146192631,71.20479863623977
1.7638051101440757,90.27328203031044
1.7500844474944457,51.75482002676366
1.519894226584726,42.533636580914106
1.6457326200265978,64.87397687829099
1.621221624809176,64.95985095032296
1.6379152401748884,78.60976184827518
1.683185618141521,88.66616581630508
1.652790942230287,65.50820785922033
1.5020700189624212,116.35559711530162
1.7747910256117534,71.32667803030633
1.5927256974260193,60.103738736357734
1.7239246864111148,41.121446261979784
1.9074082669749974,61.633289831320496
1.6080615408413577,60.285036159399056
1.446971247725367,88.95151436641338
1.6713995778119888,76.61133844135426
1.810095963499857,46.8143258276273
1.8958347454220594,70.22302972011047
1.5770450405547582,81.56982088929861
1.749669922323652,105.46819178802042
1.6534689543219947,87.02985234701119
1.6894051645695864,83.78500020449879
1.9644343347017035,67.8993049669284
1.5497029671604845,74.92544868403472
1.7253739661494574,97.01362865305508
1.7467693171765433,44.708640412384035
1.8085786324939346,60.04943873382369
1.7097983153470895,52.89079813173723
1.7308050539504103,74.71986114774755
1.6608351432578208,96.45404262669986
1.7269126941245108,55.75168945372049
1.665680772450259,40.0
1.7621571889856051,58.92902634553597
1.6630389663956366,87.71054394770056
1.7377100393902185,78.35807062883659
1.6970737186315021,75.82710953911801
1.8126050250772168,61.31362031910681
1.6948606276411513,45.43536557087886
1.5226967531793119,77.83477388961664
1.8261921500713991,51.920591091473625
1.6094267699137381,128.41009632948845
1.634623366135118,79.1347552928883
1.6404338705956507,56.02541960343216
1.8374438093170817,55.511179104947985
1.4864325786021304,64.85258284882114
2.0,62.062964327797424
1.8056056809066052,93.22818896427661
1.722323891412916,70.52200938273968
1.6945105999383714,53.54436048775167
1.7285554074857656,117.5815582478148
1.7521122428379339,67.68012075192786
1.7645215585950056,83.98614987352482
1.7555604466003447,55.56380765062407
1.7089580681255248,74.36122884411127
1.6802661579692673,73.21007128347017
1.6848726716346487,40.0
1.6805091719647318,122.06852082042502
1.8133770096867063,98.218377189728
1.759355672228086,59.1952560954447
1.405961136533572,47.90975216068811
1.765590077652976,74.01505246004537
1.7194736194718774,68.4435494452121
1.6981291243554102,74.19529100158734
1.6611481546911113,70.63128798068668
1.8124112719986014,77.62366148781307
1.7947526462122858,102.94467518729898
1.6227122332176391,79.07770380605415
1.7407052287124534,48.67197246383039
1.6028343265458713,100.36051528122782
1.562038183521107,109.0912152079312
1.6373282775410034,160.0
1.7862393472382758,47.60566610764782
1.7953125045376086,71.72681051087018
1.7513085420097292,40.0
1.7725095786847997,78.72373882982949
1.7516178287114959,56.57345660019587
1.6358518404777047,118.75157885500813
1.7431922544673941,52.85834021245336
1.7800409525227683,40.175007110423046
1.7754291329813574,57.89441252649497
1.8188913371474642,40.0
1.7708303847201063,83.54035732499972
1.7351448207541582,40.0
1.8070150238316427,67.25808769374576
1.697347874075094,40.0
1.611812534877228,60.57671986596356
1.6836933036056236,109.1816978045351
1.625509735519355,74.30619804553555
